	S33	S19	S50	S62	S63	S48	S9	S82	S80	S24	S87	S41	S61	S6	S90	S91	S73	S67	S59	S38	S66	S58	S57	S79	S23	S43	S56	S70	S99	S52	S2	S14	S27	S26	S13	S22	S85	S31	S34	S8	S11	S39	S30	S77	S93	S92	S20	S40	S21	S7	S97	S89	S46	S51	S54	S95	S69	S5	S47	S88	S36	S28	S76	S72	S4	S98	S64	S55	S45	S15
S33	0.01158005772362	0.011562979627350001	0.011473518453	0.011473518453	0.011473518453	0.011473518453	0.011473518453	0.011473518453	0.011473518453	0.011473518453	0.011473518453	0.011473518453	0.011473518453	0.011473518453	0.011473518453	0.011473518453	0.011473518453	0.011473518453	0.011473518453	0.011473518453	0.011473518453	0.011473518453	0.011473518453	0.011473518453	0.011473518453	0.011473518453	0.011473518453	0.011473518453	0.011473518453	0.011473518453	0.011473518453	0.011473518453	0.011473518453	0.011473518453	0.011473518453	0.011473518453	0.011473518453	0.011473518453	0.011473518453	0.011473518453	0.007443214489	0.007443214489	0.007443214489	0.007443214489	0.007443214489	0.007443214489	0.007443214489	0.007443214489	0.007443214489	0.007443214489	0.007443214489	0.007443214489	0.007443214489	0.007443214489	0.007443214489	0.007443214489	0.007443214489	0.007443214489	0.007443214489	0.007443214489	0.007443214489	0.005673019625	0.004249017751	0.004249017751	0.004249017751	0.004249017751	0.004249017751	0.004249017751	0.001265230483	0.0
S19	0.011562979627350001	0.01158233035549	0.011473518453	0.011473518453	0.011473518453	0.011473518453	0.011473518453	0.011473518453	0.011473518453	0.011473518453	0.011473518453	0.011473518453	0.011473518453	0.011473518453	0.011473518453	0.011473518453	0.011473518453	0.011473518453	0.011473518453	0.011473518453	0.011473518453	0.011473518453	0.011473518453	0.011473518453	0.011473518453	0.011473518453	0.011473518453	0.011473518453	0.011473518453	0.011473518453	0.011473518453	0.011473518453	0.011473518453	0.011473518453	0.011473518453	0.011473518453	0.011473518453	0.011473518453	0.011473518453	0.011473518453	0.007443214489	0.007443214489	0.007443214489	0.007443214489	0.007443214489	0.007443214489	0.007443214489	0.007443214489	0.007443214489	0.007443214489	0.007443214489	0.007443214489	0.007443214489	0.007443214489	0.007443214489	0.007443214489	0.007443214489	0.007443214489	0.007443214489	0.007443214489	0.007443214489	0.005673019625	0.004249017751	0.004249017751	0.004249017751	0.004249017751	0.004249017751	0.004249017751	0.001265230483	0.0
S50	0.011473518453	0.011473518453	0.011816116911600002	0.011637435500200001	0.011637435500200001	0.011637435500200001	0.011637435500200001	0.011637435500200001	0.011637435500200001	0.011637435500200001	0.011637435500200001	0.011637435500200001	0.011637435500200001	0.011637435500200001	0.011637435500200001	0.011637435500200001	0.011637435500200001	0.011637435500200001	0.011637435500200001	0.011637435500200001	0.011637435500200001	0.011637435500200001	0.011637435500200001	0.011637435500200001	0.011637435500200001	0.011637435500200001	0.011637435500200001	0.011637435500200001	0.011637435500200001	0.011637435500200001	0.011637435500200001	0.011637435500200001	0.011512516703	0.011512516703	0.011512516703	0.011512516703	0.011512516703	0.011512516703	0.011512516703	0.011512516703	0.007443214489	0.007443214489	0.007443214489	0.007443214489	0.007443214489	0.007443214489	0.007443214489	0.007443214489	0.007443214489	0.007443214489	0.007443214489	0.007443214489	0.007443214489	0.007443214489	0.007443214489	0.007443214489	0.007443214489	0.007443214489	0.007443214489	0.007443214489	0.007443214489	0.005673019625	0.004249017751	0.004249017751	0.004249017751	0.004249017751	0.004249017751	0.004249017751	0.001265230483	0.0
S62	0.011473518453	0.011473518453	0.011637435500200001	0.012284009044200002	0.012265109509710001	0.012263927862943001	0.01225653302072	0.01225653302072	0.01225653302072	0.01225653302072	0.01225653302072	0.01225653302072	0.01225653302072	0.01225653302072	0.01225653302072	0.01225653302072	0.01225653302072	0.01225653302072	0.01225653302072	0.01225653302072	0.01225653302072	0.01225653302072	0.01225653302072	0.01225653302072	0.01225653302072	0.01225653302072	0.01225653302072	0.01225653302072	0.01225653302072	0.01225653302072	0.01225653302072	0.011716761407220002	0.011512516703	0.011512516703	0.011512516703	0.011512516703	0.011512516703	0.011512516703	0.011512516703	0.011512516703	0.007443214489	0.007443214489	0.007443214489	0.007443214489	0.007443214489	0.007443214489	0.007443214489	0.007443214489	0.007443214489	0.007443214489	0.007443214489	0.007443214489	0.007443214489	0.007443214489	0.007443214489	0.007443214489	0.007443214489	0.007443214489	0.007443214489	0.007443214489	0.007443214489	0.005673019625	0.004249017751	0.004249017751	0.004249017751	0.004249017751	0.004249017751	0.004249017751	0.001265230483	0.0
S63	0.011473518453	0.011473518453	0.011637435500200001	0.012265109509710001	0.012283701745860002	0.012263927862943001	0.01225653302072	0.01225653302072	0.01225653302072	0.01225653302072	0.01225653302072	0.01225653302072	0.01225653302072	0.01225653302072	0.01225653302072	0.01225653302072	0.01225653302072	0.01225653302072	0.01225653302072	0.01225653302072	0.01225653302072	0.01225653302072	0.01225653302072	0.01225653302072	0.01225653302072	0.01225653302072	0.01225653302072	0.01225653302072	0.01225653302072	0.01225653302072	0.01225653302072	0.011716761407220002	0.011512516703	0.011512516703	0.011512516703	0.011512516703	0.011512516703	0.011512516703	0.011512516703	0.011512516703	0.007443214489	0.007443214489	0.007443214489	0.007443214489	0.007443214489	0.007443214489	0.007443214489	0.007443214489	0.007443214489	0.007443214489	0.007443214489	0.007443214489	0.007443214489	0.007443214489	0.007443214489	0.007443214489	0.007443214489	0.007443214489	0.007443214489	0.007443214489	0.007443214489	0.005673019625	0.004249017751	0.004249017751	0.004249017751	0.004249017751	0.004249017751	0.004249017751	0.001265230483	0.0
S48	0.011473518453	0.011473518453	0.011637435500200001	0.012263927862943001	0.012263927862943001	0.012278472625023	0.01225653302072	0.01225653302072	0.01225653302072	0.01225653302072	0.01225653302072	0.01225653302072	0.01225653302072	0.01225653302072	0.01225653302072	0.01225653302072	0.01225653302072	0.01225653302072	0.01225653302072	0.01225653302072	0.01225653302072	0.01225653302072	0.01225653302072	0.01225653302072	0.01225653302072	0.01225653302072	0.01225653302072	0.01225653302072	0.01225653302072	0.01225653302072	0.01225653302072	0.011716761407220002	0.011512516703	0.011512516703	0.011512516703	0.011512516703	0.011512516703	0.011512516703	0.011512516703	0.011512516703	0.007443214489	0.007443214489	0.007443214489	0.007443214489	0.007443214489	0.007443214489	0.007443214489	0.007443214489	0.007443214489	0.007443214489	0.007443214489	0.007443214489	0.007443214489	0.007443214489	0.007443214489	0.007443214489	0.007443214489	0.007443214489	0.007443214489	0.007443214489	0.007443214489	0.005673019625	0.004249017751	0.004249017751	0.004249017751	0.004249017751	0.004249017751	0.004249017751	0.001265230483	0.0
S9	0.011473518453	0.011473518453	0.011637435500200001	0.01225653302072	0.01225653302072	0.01225653302072	0.012283742653225	0.012263647693575	0.012263647693575	0.012263647693575	0.012263647693575	0.012263647693575	0.012263647693575	0.012263647693575	0.012263647693575	0.012263647693575	0.012263647693575	0.012263647693575	0.012263647693575	0.012263647693575	0.012263647693575	0.012263647693575	0.012263647693575	0.012263647693575	0.012263647693575	0.012263647693575	0.012263647693575	0.012263647693575	0.012263647693575	0.012263647693575	0.012257780099466	0.011716761407220002	0.011512516703	0.011512516703	0.011512516703	0.011512516703	0.011512516703	0.011512516703	0.011512516703	0.011512516703	0.007443214489	0.007443214489	0.007443214489	0.007443214489	0.007443214489	0.007443214489	0.007443214489	0.007443214489	0.007443214489	0.007443214489	0.007443214489	0.007443214489	0.007443214489	0.007443214489	0.007443214489	0.007443214489	0.007443214489	0.007443214489	0.007443214489	0.007443214489	0.007443214489	0.005673019625	0.004249017751	0.004249017751	0.004249017751	0.004249017751	0.004249017751	0.004249017751	0.001265230483	0.0
S82	0.011473518453	0.011473518453	0.011637435500200001	0.01225653302072	0.01225653302072	0.01225653302072	0.012263647693575	0.012337955786375001	0.012291683300625002	0.012291683300625002	0.012291683300625002	0.012291683300625002	0.012291683300625002	0.012291683300625002	0.012291683300625002	0.012291683300625002	0.012272425491935001	0.012272425491935001	0.012272425491935001	0.012272425491935001	0.012272425491935001	0.012268973814179001	0.012268973814179001	0.012268973814179001	0.012268973814179001	0.012268973814179001	0.012268973814179001	0.012268973814179001	0.012268973814179001	0.012268973814179001	0.012257780099466	0.011716761407220002	0.011512516703	0.011512516703	0.011512516703	0.011512516703	0.011512516703	0.011512516703	0.011512516703	0.011512516703	0.007443214489	0.007443214489	0.007443214489	0.007443214489	0.007443214489	0.007443214489	0.007443214489	0.007443214489	0.007443214489	0.007443214489	0.007443214489	0.007443214489	0.007443214489	0.007443214489	0.007443214489	0.007443214489	0.007443214489	0.007443214489	0.007443214489	0.007443214489	0.007443214489	0.005673019625	0.004249017751	0.004249017751	0.004249017751	0.004249017751	0.004249017751	0.004249017751	0.001265230483	0.0
S80	0.011473518453	0.011473518453	0.011637435500200001	0.01225653302072	0.01225653302072	0.01225653302072	0.012263647693575	0.012291683300625002	0.012353904159383	0.012301050623283	0.012294995843840001	0.01229399584334	0.01229399584334	0.01229399584334	0.01229399584334	0.01229399584334	0.012272425491935001	0.012272425491935001	0.012272425491935001	0.012272425491935001	0.012272425491935001	0.012268973814179001	0.012268973814179001	0.012268973814179001	0.012268973814179001	0.012268973814179001	0.012268973814179001	0.012268973814179001	0.012268973814179001	0.012268973814179001	0.012257780099466	0.011716761407220002	0.011512516703	0.011512516703	0.011512516703	0.011512516703	0.011512516703	0.011512516703	0.011512516703	0.011512516703	0.007443214489	0.007443214489	0.007443214489	0.007443214489	0.007443214489	0.007443214489	0.007443214489	0.007443214489	0.007443214489	0.007443214489	0.007443214489	0.007443214489	0.007443214489	0.007443214489	0.007443214489	0.007443214489	0.007443214489	0.007443214489	0.007443214489	0.007443214489	0.007443214489	0.005673019625	0.004249017751	0.004249017751	0.004249017751	0.004249017751	0.004249017751	0.004249017751	0.001265230483	0.0
S24	0.011473518453	0.011473518453	0.011637435500200001	0.01225653302072	0.01225653302072	0.01225653302072	0.012263647693575	0.012291683300625002	0.012301050623283	0.012326603912753002	0.012294995843840001	0.01229399584334	0.01229399584334	0.01229399584334	0.01229399584334	0.01229399584334	0.012272425491935001	0.012272425491935001	0.012272425491935001	0.012272425491935001	0.012272425491935001	0.012268973814179001	0.012268973814179001	0.012268973814179001	0.012268973814179001	0.012268973814179001	0.012268973814179001	0.012268973814179001	0.012268973814179001	0.012268973814179001	0.012257780099466	0.011716761407220002	0.011512516703	0.011512516703	0.011512516703	0.011512516703	0.011512516703	0.011512516703	0.011512516703	0.011512516703	0.007443214489	0.007443214489	0.007443214489	0.007443214489	0.007443214489	0.007443214489	0.007443214489	0.007443214489	0.007443214489	0.007443214489	0.007443214489	0.007443214489	0.007443214489	0.007443214489	0.007443214489	0.007443214489	0.007443214489	0.007443214489	0.007443214489	0.007443214489	0.007443214489	0.005673019625	0.004249017751	0.004249017751	0.004249017751	0.004249017751	0.004249017751	0.004249017751	0.001265230483	0.0
S87	0.011473518453	0.011473518453	0.011637435500200001	0.01225653302072	0.01225653302072	0.01225653302072	0.012263647693575	0.012291683300625002	0.012294995843840001	0.012294995843840001	0.012347924560970001	0.01229399584334	0.01229399584334	0.01229399584334	0.01229399584334	0.01229399584334	0.012272425491935001	0.012272425491935001	0.012272425491935001	0.012272425491935001	0.012272425491935001	0.012268973814179001	0.012268973814179001	0.012268973814179001	0.012268973814179001	0.012268973814179001	0.012268973814179001	0.012268973814179001	0.012268973814179001	0.012268973814179001	0.012257780099466	0.011716761407220002	0.011512516703	0.011512516703	0.011512516703	0.011512516703	0.011512516703	0.011512516703	0.011512516703	0.011512516703	0.007443214489	0.007443214489	0.007443214489	0.007443214489	0.007443214489	0.007443214489	0.007443214489	0.007443214489	0.007443214489	0.007443214489	0.007443214489	0.007443214489	0.007443214489	0.007443214489	0.007443214489	0.007443214489	0.007443214489	0.007443214489	0.007443214489	0.007443214489	0.007443214489	0.005673019625	0.004249017751	0.004249017751	0.004249017751	0.004249017751	0.004249017751	0.004249017751	0.001265230483	0.0
S41	0.011473518453	0.011473518453	0.011637435500200001	0.01225653302072	0.01225653302072	0.01225653302072	0.012263647693575	0.012291683300625002	0.01229399584334	0.01229399584334	0.01229399584334	0.012336276787860001	0.012294995843840001	0.012294995843840001	0.012294995843840001	0.012294995843840001	0.012272425491935001	0.012272425491935001	0.012272425491935001	0.012272425491935001	0.012272425491935001	0.012268973814179001	0.012268973814179001	0.012268973814179001	0.012268973814179001	0.012268973814179001	0.012268973814179001	0.012268973814179001	0.012268973814179001	0.012268973814179001	0.012257780099466	0.011716761407220002	0.011512516703	0.011512516703	0.011512516703	0.011512516703	0.011512516703	0.011512516703	0.011512516703	0.011512516703	0.007443214489	0.007443214489	0.007443214489	0.007443214489	0.007443214489	0.007443214489	0.007443214489	0.007443214489	0.007443214489	0.007443214489	0.007443214489	0.007443214489	0.007443214489	0.007443214489	0.007443214489	0.007443214489	0.007443214489	0.007443214489	0.007443214489	0.007443214489	0.007443214489	0.005673019625	0.004249017751	0.004249017751	0.004249017751	0.004249017751	0.004249017751	0.004249017751	0.001265230483	0.0
S61	0.011473518453	0.011473518453	0.011637435500200001	0.01225653302072	0.01225653302072	0.01225653302072	0.012263647693575	0.012291683300625002	0.01229399584334	0.01229399584334	0.01229399584334	0.012294995843840001	0.012341766758735	0.012317915572895001	0.012297359604155001	0.012297359604155001	0.012272425491935001	0.012272425491935001	0.012272425491935001	0.012272425491935001	0.012272425491935001	0.012268973814179001	0.012268973814179001	0.012268973814179001	0.012268973814179001	0.012268973814179001	0.012268973814179001	0.012268973814179001	0.012268973814179001	0.012268973814179001	0.012257780099466	0.011716761407220002	0.011512516703	0.011512516703	0.011512516703	0.011512516703	0.011512516703	0.011512516703	0.011512516703	0.011512516703	0.007443214489	0.007443214489	0.007443214489	0.007443214489	0.007443214489	0.007443214489	0.007443214489	0.007443214489	0.007443214489	0.007443214489	0.007443214489	0.007443214489	0.007443214489	0.007443214489	0.007443214489	0.007443214489	0.007443214489	0.007443214489	0.007443214489	0.007443214489	0.007443214489	0.005673019625	0.004249017751	0.004249017751	0.004249017751	0.004249017751	0.004249017751	0.004249017751	0.001265230483	0.0
S6	0.011473518453	0.011473518453	0.011637435500200001	0.01225653302072	0.01225653302072	0.01225653302072	0.012263647693575	0.012291683300625002	0.01229399584334	0.01229399584334	0.01229399584334	0.012294995843840001	0.012317915572895001	0.012343022352285002	0.012297359604155001	0.012297359604155001	0.012272425491935001	0.012272425491935001	0.012272425491935001	0.012272425491935001	0.012272425491935001	0.012268973814179001	0.012268973814179001	0.012268973814179001	0.012268973814179001	0.012268973814179001	0.012268973814179001	0.012268973814179001	0.012268973814179001	0.012268973814179001	0.012257780099466	0.011716761407220002	0.011512516703	0.011512516703	0.011512516703	0.011512516703	0.011512516703	0.011512516703	0.011512516703	0.011512516703	0.007443214489	0.007443214489	0.007443214489	0.007443214489	0.007443214489	0.007443214489	0.007443214489	0.007443214489	0.007443214489	0.007443214489	0.007443214489	0.007443214489	0.007443214489	0.007443214489	0.007443214489	0.007443214489	0.007443214489	0.007443214489	0.007443214489	0.007443214489	0.007443214489	0.005673019625	0.004249017751	0.004249017751	0.004249017751	0.004249017751	0.004249017751	0.004249017751	0.001265230483	0.0
S90	0.011473518453	0.011473518453	0.011637435500200001	0.01225653302072	0.01225653302072	0.01225653302072	0.012263647693575	0.012291683300625002	0.01229399584334	0.01229399584334	0.01229399584334	0.012294995843840001	0.012297359604155001	0.012297359604155001	0.012348754260925	0.012313724941375	0.012272425491935001	0.012272425491935001	0.012272425491935001	0.012272425491935001	0.012272425491935001	0.012268973814179001	0.012268973814179001	0.012268973814179001	0.012268973814179001	0.012268973814179001	0.012268973814179001	0.012268973814179001	0.012268973814179001	0.012268973814179001	0.012257780099466	0.011716761407220002	0.011512516703	0.011512516703	0.011512516703	0.011512516703	0.011512516703	0.011512516703	0.011512516703	0.011512516703	0.007443214489	0.007443214489	0.007443214489	0.007443214489	0.007443214489	0.007443214489	0.007443214489	0.007443214489	0.007443214489	0.007443214489	0.007443214489	0.007443214489	0.007443214489	0.007443214489	0.007443214489	0.007443214489	0.007443214489	0.007443214489	0.007443214489	0.007443214489	0.007443214489	0.005673019625	0.004249017751	0.004249017751	0.004249017751	0.004249017751	0.004249017751	0.004249017751	0.001265230483	0.0
S91	0.011473518453	0.011473518453	0.011637435500200001	0.01225653302072	0.01225653302072	0.01225653302072	0.012263647693575	0.012291683300625002	0.01229399584334	0.01229399584334	0.01229399584334	0.012294995843840001	0.012297359604155001	0.012297359604155001	0.012313724941375	0.012364443378625	0.012272425491935001	0.012272425491935001	0.012272425491935001	0.012272425491935001	0.012272425491935001	0.012268973814179001	0.012268973814179001	0.012268973814179001	0.012268973814179001	0.012268973814179001	0.012268973814179001	0.012268973814179001	0.012268973814179001	0.012268973814179001	0.012257780099466	0.011716761407220002	0.011512516703	0.011512516703	0.011512516703	0.011512516703	0.011512516703	0.011512516703	0.011512516703	0.011512516703	0.007443214489	0.007443214489	0.007443214489	0.007443214489	0.007443214489	0.007443214489	0.007443214489	0.007443214489	0.007443214489	0.007443214489	0.007443214489	0.007443214489	0.007443214489	0.007443214489	0.007443214489	0.007443214489	0.007443214489	0.007443214489	0.007443214489	0.007443214489	0.007443214489	0.005673019625	0.004249017751	0.004249017751	0.004249017751	0.004249017751	0.004249017751	0.004249017751	0.001265230483	0.0
S73	0.011473518453	0.011473518453	0.011637435500200001	0.01225653302072	0.01225653302072	0.01225653302072	0.012263647693575	0.012272425491935001	0.012272425491935001	0.012272425491935001	0.012272425491935001	0.012272425491935001	0.012272425491935001	0.012272425491935001	0.012272425491935001	0.012272425491935001	0.012345077463841002	0.012289308537381001	0.012282348905738	0.012282348905738	0.012282348905738	0.012268973814179001	0.012268973814179001	0.012268973814179001	0.012268973814179001	0.012268973814179001	0.012268973814179001	0.012268973814179001	0.012268973814179001	0.012268973814179001	0.012257780099466	0.011716761407220002	0.011512516703	0.011512516703	0.011512516703	0.011512516703	0.011512516703	0.011512516703	0.011512516703	0.011512516703	0.007443214489	0.007443214489	0.007443214489	0.007443214489	0.007443214489	0.007443214489	0.007443214489	0.007443214489	0.007443214489	0.007443214489	0.007443214489	0.007443214489	0.007443214489	0.007443214489	0.007443214489	0.007443214489	0.007443214489	0.007443214489	0.007443214489	0.007443214489	0.007443214489	0.005673019625	0.004249017751	0.004249017751	0.004249017751	0.004249017751	0.004249017751	0.004249017751	0.001265230483	0.0
S67	0.011473518453	0.011473518453	0.011637435500200001	0.01225653302072	0.01225653302072	0.01225653302072	0.012263647693575	0.012272425491935001	0.012272425491935001	0.012272425491935001	0.012272425491935001	0.012272425491935001	0.012272425491935001	0.012272425491935001	0.012272425491935001	0.012272425491935001	0.012289308537381001	0.012317450355541002	0.012282348905738	0.012282348905738	0.012282348905738	0.012268973814179001	0.012268973814179001	0.012268973814179001	0.012268973814179001	0.012268973814179001	0.012268973814179001	0.012268973814179001	0.012268973814179001	0.012268973814179001	0.012257780099466	0.011716761407220002	0.011512516703	0.011512516703	0.011512516703	0.011512516703	0.011512516703	0.011512516703	0.011512516703	0.011512516703	0.007443214489	0.007443214489	0.007443214489	0.007443214489	0.007443214489	0.007443214489	0.007443214489	0.007443214489	0.007443214489	0.007443214489	0.007443214489	0.007443214489	0.007443214489	0.007443214489	0.007443214489	0.007443214489	0.007443214489	0.007443214489	0.007443214489	0.007443214489	0.007443214489	0.005673019625	0.004249017751	0.004249017751	0.004249017751	0.004249017751	0.004249017751	0.004249017751	0.001265230483	0.0
S59	0.011473518453	0.011473518453	0.011637435500200001	0.01225653302072	0.01225653302072	0.01225653302072	0.012263647693575	0.012272425491935001	0.012272425491935001	0.012272425491935001	0.012272425491935001	0.012272425491935001	0.012272425491935001	0.012272425491935001	0.012272425491935001	0.012272425491935001	0.012282348905738	0.012282348905738	0.012321590036971001	0.012292272311161001	0.012283926219225002	0.012268973814179001	0.012268973814179001	0.012268973814179001	0.012268973814179001	0.012268973814179001	0.012268973814179001	0.012268973814179001	0.012268973814179001	0.012268973814179001	0.012257780099466	0.011716761407220002	0.011512516703	0.011512516703	0.011512516703	0.011512516703	0.011512516703	0.011512516703	0.011512516703	0.011512516703	0.007443214489	0.007443214489	0.007443214489	0.007443214489	0.007443214489	0.007443214489	0.007443214489	0.007443214489	0.007443214489	0.007443214489	0.007443214489	0.007443214489	0.007443214489	0.007443214489	0.007443214489	0.007443214489	0.007443214489	0.007443214489	0.007443214489	0.007443214489	0.007443214489	0.005673019625	0.004249017751	0.004249017751	0.004249017751	0.004249017751	0.004249017751	0.004249017751	0.001265230483	0.0
S38	0.011473518453	0.011473518453	0.011637435500200001	0.01225653302072	0.01225653302072	0.01225653302072	0.012263647693575	0.012272425491935001	0.012272425491935001	0.012272425491935001	0.012272425491935001	0.012272425491935001	0.012272425491935001	0.012272425491935001	0.012272425491935001	0.012272425491935001	0.012282348905738	0.012282348905738	0.012292272311161001	0.012310070151681	0.012283926219225002	0.012268973814179001	0.012268973814179001	0.012268973814179001	0.012268973814179001	0.012268973814179001	0.012268973814179001	0.012268973814179001	0.012268973814179001	0.012268973814179001	0.012257780099466	0.011716761407220002	0.011512516703	0.011512516703	0.011512516703	0.011512516703	0.011512516703	0.011512516703	0.011512516703	0.011512516703	0.007443214489	0.007443214489	0.007443214489	0.007443214489	0.007443214489	0.007443214489	0.007443214489	0.007443214489	0.007443214489	0.007443214489	0.007443214489	0.007443214489	0.007443214489	0.007443214489	0.007443214489	0.007443214489	0.007443214489	0.007443214489	0.007443214489	0.007443214489	0.007443214489	0.005673019625	0.004249017751	0.004249017751	0.004249017751	0.004249017751	0.004249017751	0.004249017751	0.001265230483	0.0
S66	0.011473518453	0.011473518453	0.011637435500200001	0.01225653302072	0.01225653302072	0.01225653302072	0.012263647693575	0.012272425491935001	0.012272425491935001	0.012272425491935001	0.012272425491935001	0.012272425491935001	0.012272425491935001	0.012272425491935001	0.012272425491935001	0.012272425491935001	0.012282348905738	0.012282348905738	0.012283926219225002	0.012283926219225002	0.012315419204395	0.012268973814179001	0.012268973814179001	0.012268973814179001	0.012268973814179001	0.012268973814179001	0.012268973814179001	0.012268973814179001	0.012268973814179001	0.012268973814179001	0.012257780099466	0.011716761407220002	0.011512516703	0.011512516703	0.011512516703	0.011512516703	0.011512516703	0.011512516703	0.011512516703	0.011512516703	0.007443214489	0.007443214489	0.007443214489	0.007443214489	0.007443214489	0.007443214489	0.007443214489	0.007443214489	0.007443214489	0.007443214489	0.007443214489	0.007443214489	0.007443214489	0.007443214489	0.007443214489	0.007443214489	0.007443214489	0.007443214489	0.007443214489	0.007443214489	0.007443214489	0.005673019625	0.004249017751	0.004249017751	0.004249017751	0.004249017751	0.004249017751	0.004249017751	0.001265230483	0.0
S58	0.011473518453	0.011473518453	0.011637435500200001	0.01225653302072	0.01225653302072	0.01225653302072	0.012263647693575	0.012268973814179001	0.012268973814179001	0.012268973814179001	0.012268973814179001	0.012268973814179001	0.012268973814179001	0.012268973814179001	0.012268973814179001	0.012268973814179001	0.012268973814179001	0.012268973814179001	0.012268973814179001	0.012268973814179001	0.012268973814179001	0.012340189425282	0.012282490896162	0.012278810256269002	0.012278810256269002	0.012278810256269002	0.012278810256269002	0.012278810256269002	0.012278810256269002	0.012278810256269002	0.012257780099466	0.011716761407220002	0.011512516703	0.011512516703	0.011512516703	0.011512516703	0.011512516703	0.011512516703	0.011512516703	0.011512516703	0.007443214489	0.007443214489	0.007443214489	0.007443214489	0.007443214489	0.007443214489	0.007443214489	0.007443214489	0.007443214489	0.007443214489	0.007443214489	0.007443214489	0.007443214489	0.007443214489	0.007443214489	0.007443214489	0.007443214489	0.007443214489	0.007443214489	0.007443214489	0.007443214489	0.005673019625	0.004249017751	0.004249017751	0.004249017751	0.004249017751	0.004249017751	0.004249017751	0.001265230483	0.0
S57	0.011473518453	0.011473518453	0.011637435500200001	0.01225653302072	0.01225653302072	0.01225653302072	0.012263647693575	0.012268973814179001	0.012268973814179001	0.012268973814179001	0.012268973814179001	0.012268973814179001	0.012268973814179001	0.012268973814179001	0.012268973814179001	0.012268973814179001	0.012268973814179001	0.012268973814179001	0.012268973814179001	0.012268973814179001	0.012268973814179001	0.012282490896162	0.012489170049662001	0.012278810256269002	0.012278810256269002	0.012278810256269002	0.012278810256269002	0.012278810256269002	0.012278810256269002	0.012278810256269002	0.012257780099466	0.011716761407220002	0.011512516703	0.011512516703	0.011512516703	0.011512516703	0.011512516703	0.011512516703	0.011512516703	0.011512516703	0.007443214489	0.007443214489	0.007443214489	0.007443214489	0.007443214489	0.007443214489	0.007443214489	0.007443214489	0.007443214489	0.007443214489	0.007443214489	0.007443214489	0.007443214489	0.007443214489	0.007443214489	0.007443214489	0.007443214489	0.007443214489	0.007443214489	0.007443214489	0.007443214489	0.005673019625	0.004249017751	0.004249017751	0.004249017751	0.004249017751	0.004249017751	0.004249017751	0.001265230483	0.0
S79	0.011473518453	0.011473518453	0.011637435500200001	0.01225653302072	0.01225653302072	0.01225653302072	0.012263647693575	0.012268973814179001	0.012268973814179001	0.012268973814179001	0.012268973814179001	0.012268973814179001	0.012268973814179001	0.012268973814179001	0.012268973814179001	0.012268973814179001	0.012268973814179001	0.012268973814179001	0.012268973814179001	0.012268973814179001	0.012268973814179001	0.012278810256269002	0.012278810256269002	0.012307589312089001	0.012285040521399001	0.012285040521399001	0.012285040521399001	0.012285040521399001	0.012285040521399001	0.012280253579128	0.012257780099466	0.011716761407220002	0.011512516703	0.011512516703	0.011512516703	0.011512516703	0.011512516703	0.011512516703	0.011512516703	0.011512516703	0.007443214489	0.007443214489	0.007443214489	0.007443214489	0.007443214489	0.007443214489	0.007443214489	0.007443214489	0.007443214489	0.007443214489	0.007443214489	0.007443214489	0.007443214489	0.007443214489	0.007443214489	0.007443214489	0.007443214489	0.007443214489	0.007443214489	0.007443214489	0.007443214489	0.005673019625	0.004249017751	0.004249017751	0.004249017751	0.004249017751	0.004249017751	0.004249017751	0.001265230483	0.0
S23	0.011473518453	0.011473518453	0.011637435500200001	0.01225653302072	0.01225653302072	0.01225653302072	0.012263647693575	0.012268973814179001	0.012268973814179001	0.012268973814179001	0.012268973814179001	0.012268973814179001	0.012268973814179001	0.012268973814179001	0.012268973814179001	0.012268973814179001	0.012268973814179001	0.012268973814179001	0.012268973814179001	0.012268973814179001	0.012268973814179001	0.012278810256269002	0.012278810256269002	0.012285040521399001	0.012299971598259001	0.012297346532693001	0.012297346532693001	0.012286574605903001	0.012286574605903001	0.012280253579128	0.012257780099466	0.011716761407220002	0.011512516703	0.011512516703	0.011512516703	0.011512516703	0.011512516703	0.011512516703	0.011512516703	0.011512516703	0.007443214489	0.007443214489	0.007443214489	0.007443214489	0.007443214489	0.007443214489	0.007443214489	0.007443214489	0.007443214489	0.007443214489	0.007443214489	0.007443214489	0.007443214489	0.007443214489	0.007443214489	0.007443214489	0.007443214489	0.007443214489	0.007443214489	0.007443214489	0.007443214489	0.005673019625	0.004249017751	0.004249017751	0.004249017751	0.004249017751	0.004249017751	0.004249017751	0.001265230483	0.0
S43	0.011473518453	0.011473518453	0.011637435500200001	0.01225653302072	0.01225653302072	0.01225653302072	0.012263647693575	0.012268973814179001	0.012268973814179001	0.012268973814179001	0.012268973814179001	0.012268973814179001	0.012268973814179001	0.012268973814179001	0.012268973814179001	0.012268973814179001	0.012268973814179001	0.012268973814179001	0.012268973814179001	0.012268973814179001	0.012268973814179001	0.012278810256269002	0.012278810256269002	0.012285040521399001	0.012297346532693001	0.012304972421300001	0.012302481999672	0.012286574605903001	0.012286574605903001	0.012280253579128	0.012257780099466	0.011716761407220002	0.011512516703	0.011512516703	0.011512516703	0.011512516703	0.011512516703	0.011512516703	0.011512516703	0.011512516703	0.007443214489	0.007443214489	0.007443214489	0.007443214489	0.007443214489	0.007443214489	0.007443214489	0.007443214489	0.007443214489	0.007443214489	0.007443214489	0.007443214489	0.007443214489	0.007443214489	0.007443214489	0.007443214489	0.007443214489	0.007443214489	0.007443214489	0.007443214489	0.007443214489	0.005673019625	0.004249017751	0.004249017751	0.004249017751	0.004249017751	0.004249017751	0.004249017751	0.001265230483	0.0
S56	0.011473518453	0.011473518453	0.011637435500200001	0.01225653302072	0.01225653302072	0.01225653302072	0.012263647693575	0.012268973814179001	0.012268973814179001	0.012268973814179001	0.012268973814179001	0.012268973814179001	0.012268973814179001	0.012268973814179001	0.012268973814179001	0.012268973814179001	0.012268973814179001	0.012268973814179001	0.012268973814179001	0.012268973814179001	0.012268973814179001	0.012278810256269002	0.012278810256269002	0.012285040521399001	0.012297346532693001	0.012302481999672	0.012307116372486	0.012286574605903001	0.012286574605903001	0.012280253579128	0.012257780099466	0.011716761407220002	0.011512516703	0.011512516703	0.011512516703	0.011512516703	0.011512516703	0.011512516703	0.011512516703	0.011512516703	0.007443214489	0.007443214489	0.007443214489	0.007443214489	0.007443214489	0.007443214489	0.007443214489	0.007443214489	0.007443214489	0.007443214489	0.007443214489	0.007443214489	0.007443214489	0.007443214489	0.007443214489	0.007443214489	0.007443214489	0.007443214489	0.007443214489	0.007443214489	0.007443214489	0.005673019625	0.004249017751	0.004249017751	0.004249017751	0.004249017751	0.004249017751	0.004249017751	0.001265230483	0.0
S70	0.011473518453	0.011473518453	0.011637435500200001	0.01225653302072	0.01225653302072	0.01225653302072	0.012263647693575	0.012268973814179001	0.012268973814179001	0.012268973814179001	0.012268973814179001	0.012268973814179001	0.012268973814179001	0.012268973814179001	0.012268973814179001	0.012268973814179001	0.012268973814179001	0.012268973814179001	0.012268973814179001	0.012268973814179001	0.012268973814179001	0.012278810256269002	0.012278810256269002	0.012285040521399001	0.012286574605903001	0.012286574605903001	0.012286574605903001	0.012304348502315002	0.012296650378023001	0.012280253579128	0.012257780099466	0.011716761407220002	0.011512516703	0.011512516703	0.011512516703	0.011512516703	0.011512516703	0.011512516703	0.011512516703	0.011512516703	0.007443214489	0.007443214489	0.007443214489	0.007443214489	0.007443214489	0.007443214489	0.007443214489	0.007443214489	0.007443214489	0.007443214489	0.007443214489	0.007443214489	0.007443214489	0.007443214489	0.007443214489	0.007443214489	0.007443214489	0.007443214489	0.007443214489	0.007443214489	0.007443214489	0.005673019625	0.004249017751	0.004249017751	0.004249017751	0.004249017751	0.004249017751	0.004249017751	0.001265230483	0.0
S99	0.011473518453	0.011473518453	0.011637435500200001	0.01225653302072	0.01225653302072	0.01225653302072	0.012263647693575	0.012268973814179001	0.012268973814179001	0.012268973814179001	0.012268973814179001	0.012268973814179001	0.012268973814179001	0.012268973814179001	0.012268973814179001	0.012268973814179001	0.012268973814179001	0.012268973814179001	0.012268973814179001	0.012268973814179001	0.012268973814179001	0.012278810256269002	0.012278810256269002	0.012285040521399001	0.012286574605903001	0.012286574605903001	0.012286574605903001	0.012296650378023001	0.012303485351889002	0.012280253579128	0.012257780099466	0.011716761407220002	0.011512516703	0.011512516703	0.011512516703	0.011512516703	0.011512516703	0.011512516703	0.011512516703	0.011512516703	0.007443214489	0.007443214489	0.007443214489	0.007443214489	0.007443214489	0.007443214489	0.007443214489	0.007443214489	0.007443214489	0.007443214489	0.007443214489	0.007443214489	0.007443214489	0.007443214489	0.007443214489	0.007443214489	0.007443214489	0.007443214489	0.007443214489	0.007443214489	0.007443214489	0.005673019625	0.004249017751	0.004249017751	0.004249017751	0.004249017751	0.004249017751	0.004249017751	0.001265230483	0.0
S52	0.011473518453	0.011473518453	0.011637435500200001	0.01225653302072	0.01225653302072	0.01225653302072	0.012263647693575	0.012268973814179001	0.012268973814179001	0.012268973814179001	0.012268973814179001	0.012268973814179001	0.012268973814179001	0.012268973814179001	0.012268973814179001	0.012268973814179001	0.012268973814179001	0.012268973814179001	0.012268973814179001	0.012268973814179001	0.012268973814179001	0.012278810256269002	0.012278810256269002	0.012280253579128	0.012280253579128	0.012280253579128	0.012280253579128	0.012280253579128	0.012280253579128	0.012305346189508001	0.012257780099466	0.011716761407220002	0.011512516703	0.011512516703	0.011512516703	0.011512516703	0.011512516703	0.011512516703	0.011512516703	0.011512516703	0.007443214489	0.007443214489	0.007443214489	0.007443214489	0.007443214489	0.007443214489	0.007443214489	0.007443214489	0.007443214489	0.007443214489	0.007443214489	0.007443214489	0.007443214489	0.007443214489	0.007443214489	0.007443214489	0.007443214489	0.007443214489	0.007443214489	0.007443214489	0.007443214489	0.005673019625	0.004249017751	0.004249017751	0.004249017751	0.004249017751	0.004249017751	0.004249017751	0.001265230483	0.0
S2	0.011473518453	0.011473518453	0.011637435500200001	0.01225653302072	0.01225653302072	0.01225653302072	0.012257780099466	0.012257780099466	0.012257780099466	0.012257780099466	0.012257780099466	0.012257780099466	0.012257780099466	0.012257780099466	0.012257780099466	0.012257780099466	0.012257780099466	0.012257780099466	0.012257780099466	0.012257780099466	0.012257780099466	0.012257780099466	0.012257780099466	0.012257780099466	0.012257780099466	0.012257780099466	0.012257780099466	0.012257780099466	0.012257780099466	0.012257780099466	0.012269975815216001	0.011716761407220002	0.011512516703	0.011512516703	0.011512516703	0.011512516703	0.011512516703	0.011512516703	0.011512516703	0.011512516703	0.007443214489	0.007443214489	0.007443214489	0.007443214489	0.007443214489	0.007443214489	0.007443214489	0.007443214489	0.007443214489	0.007443214489	0.007443214489	0.007443214489	0.007443214489	0.007443214489	0.007443214489	0.007443214489	0.007443214489	0.007443214489	0.007443214489	0.007443214489	0.007443214489	0.005673019625	0.004249017751	0.004249017751	0.004249017751	0.004249017751	0.004249017751	0.004249017751	0.001265230483	0.0
S14	0.011473518453	0.011473518453	0.011637435500200001	0.011716761407220002	0.011716761407220002	0.011716761407220002	0.011716761407220002	0.011716761407220002	0.011716761407220002	0.011716761407220002	0.011716761407220002	0.011716761407220002	0.011716761407220002	0.011716761407220002	0.011716761407220002	0.011716761407220002	0.011716761407220002	0.011716761407220002	0.011716761407220002	0.011716761407220002	0.011716761407220002	0.011716761407220002	0.011716761407220002	0.011716761407220002	0.011716761407220002	0.011716761407220002	0.011716761407220002	0.011716761407220002	0.011716761407220002	0.011716761407220002	0.011716761407220002	0.012022373155420001	0.011512516703	0.011512516703	0.011512516703	0.011512516703	0.011512516703	0.011512516703	0.011512516703	0.011512516703	0.007443214489	0.007443214489	0.007443214489	0.007443214489	0.007443214489	0.007443214489	0.007443214489	0.007443214489	0.007443214489	0.007443214489	0.007443214489	0.007443214489	0.007443214489	0.007443214489	0.007443214489	0.007443214489	0.007443214489	0.007443214489	0.007443214489	0.007443214489	0.007443214489	0.005673019625	0.004249017751	0.004249017751	0.004249017751	0.004249017751	0.004249017751	0.004249017751	0.001265230483	0.0
S27	0.011473518453	0.011473518453	0.011512516703	0.011512516703	0.011512516703	0.011512516703	0.011512516703	0.011512516703	0.011512516703	0.011512516703	0.011512516703	0.011512516703	0.011512516703	0.011512516703	0.011512516703	0.011512516703	0.011512516703	0.011512516703	0.011512516703	0.011512516703	0.011512516703	0.011512516703	0.011512516703	0.011512516703	0.011512516703	0.011512516703	0.011512516703	0.011512516703	0.011512516703	0.011512516703	0.011512516703	0.011512516703	0.011593485466990001	0.01159248546649	0.01159148546599	0.01154122276537	0.01154122276537	0.01154122276537	0.01154122276537	0.01154122276537	0.007443214489	0.007443214489	0.007443214489	0.007443214489	0.007443214489	0.007443214489	0.007443214489	0.007443214489	0.007443214489	0.007443214489	0.007443214489	0.007443214489	0.007443214489	0.007443214489	0.007443214489	0.007443214489	0.007443214489	0.007443214489	0.007443214489	0.007443214489	0.007443214489	0.005673019625	0.004249017751	0.004249017751	0.004249017751	0.004249017751	0.004249017751	0.004249017751	0.001265230483	0.0
S26	0.011473518453	0.011473518453	0.011512516703	0.011512516703	0.011512516703	0.011512516703	0.011512516703	0.011512516703	0.011512516703	0.011512516703	0.011512516703	0.011512516703	0.011512516703	0.011512516703	0.011512516703	0.011512516703	0.011512516703	0.011512516703	0.011512516703	0.011512516703	0.011512516703	0.011512516703	0.011512516703	0.011512516703	0.011512516703	0.011512516703	0.011512516703	0.011512516703	0.011512516703	0.011512516703	0.011512516703	0.011512516703	0.01159248546649	0.011594751145969001	0.01159148546599	0.01154122276537	0.01154122276537	0.01154122276537	0.01154122276537	0.01154122276537	0.007443214489	0.007443214489	0.007443214489	0.007443214489	0.007443214489	0.007443214489	0.007443214489	0.007443214489	0.007443214489	0.007443214489	0.007443214489	0.007443214489	0.007443214489	0.007443214489	0.007443214489	0.007443214489	0.007443214489	0.007443214489	0.007443214489	0.007443214489	0.007443214489	0.005673019625	0.004249017751	0.004249017751	0.004249017751	0.004249017751	0.004249017751	0.004249017751	0.001265230483	0.0
S13	0.011473518453	0.011473518453	0.011512516703	0.011512516703	0.011512516703	0.011512516703	0.011512516703	0.011512516703	0.011512516703	0.011512516703	0.011512516703	0.011512516703	0.011512516703	0.011512516703	0.011512516703	0.011512516703	0.011512516703	0.011512516703	0.011512516703	0.011512516703	0.011512516703	0.011512516703	0.011512516703	0.011512516703	0.011512516703	0.011512516703	0.011512516703	0.011512516703	0.011512516703	0.011512516703	0.011512516703	0.011512516703	0.01159148546599	0.01159148546599	0.011592633531844001	0.01154122276537	0.01154122276537	0.01154122276537	0.01154122276537	0.01154122276537	0.007443214489	0.007443214489	0.007443214489	0.007443214489	0.007443214489	0.007443214489	0.007443214489	0.007443214489	0.007443214489	0.007443214489	0.007443214489	0.007443214489	0.007443214489	0.007443214489	0.007443214489	0.007443214489	0.007443214489	0.007443214489	0.007443214489	0.007443214489	0.007443214489	0.005673019625	0.004249017751	0.004249017751	0.004249017751	0.004249017751	0.004249017751	0.004249017751	0.001265230483	0.0
S22	0.011473518453	0.011473518453	0.011512516703	0.011512516703	0.011512516703	0.011512516703	0.011512516703	0.011512516703	0.011512516703	0.011512516703	0.011512516703	0.011512516703	0.011512516703	0.011512516703	0.011512516703	0.011512516703	0.011512516703	0.011512516703	0.011512516703	0.011512516703	0.011512516703	0.011512516703	0.011512516703	0.011512516703	0.011512516703	0.011512516703	0.011512516703	0.011512516703	0.011512516703	0.011512516703	0.011512516703	0.011512516703	0.01154122276537	0.01154122276537	0.01154122276537	0.011648591550650001	0.011626918773540001	0.01160994498319	0.011608944982690002	0.011608944982690002	0.007443214489	0.007443214489	0.007443214489	0.007443214489	0.007443214489	0.007443214489	0.007443214489	0.007443214489	0.007443214489	0.007443214489	0.007443214489	0.007443214489	0.007443214489	0.007443214489	0.007443214489	0.007443214489	0.007443214489	0.007443214489	0.007443214489	0.007443214489	0.007443214489	0.005673019625	0.004249017751	0.004249017751	0.004249017751	0.004249017751	0.004249017751	0.004249017751	0.001265230483	0.0
S85	0.011473518453	0.011473518453	0.011512516703	0.011512516703	0.011512516703	0.011512516703	0.011512516703	0.011512516703	0.011512516703	0.011512516703	0.011512516703	0.011512516703	0.011512516703	0.011512516703	0.011512516703	0.011512516703	0.011512516703	0.011512516703	0.011512516703	0.011512516703	0.011512516703	0.011512516703	0.011512516703	0.011512516703	0.011512516703	0.011512516703	0.011512516703	0.011512516703	0.011512516703	0.011512516703	0.011512516703	0.011512516703	0.01154122276537	0.01154122276537	0.01154122276537	0.011626918773540001	0.0116587992686	0.01160994498319	0.011608944982690002	0.011608944982690002	0.007443214489	0.007443214489	0.007443214489	0.007443214489	0.007443214489	0.007443214489	0.007443214489	0.007443214489	0.007443214489	0.007443214489	0.007443214489	0.007443214489	0.007443214489	0.007443214489	0.007443214489	0.007443214489	0.007443214489	0.007443214489	0.007443214489	0.007443214489	0.007443214489	0.005673019625	0.004249017751	0.004249017751	0.004249017751	0.004249017751	0.004249017751	0.004249017751	0.001265230483	0.0
S31	0.011473518453	0.011473518453	0.011512516703	0.011512516703	0.011512516703	0.011512516703	0.011512516703	0.011512516703	0.011512516703	0.011512516703	0.011512516703	0.011512516703	0.011512516703	0.011512516703	0.011512516703	0.011512516703	0.011512516703	0.011512516703	0.011512516703	0.011512516703	0.011512516703	0.011512516703	0.011512516703	0.011512516703	0.011512516703	0.011512516703	0.011512516703	0.011512516703	0.011512516703	0.011512516703	0.011512516703	0.011512516703	0.01154122276537	0.01154122276537	0.01154122276537	0.01160994498319	0.01160994498319	0.011654089850480002	0.011608944982690002	0.011608944982690002	0.007443214489	0.007443214489	0.007443214489	0.007443214489	0.007443214489	0.007443214489	0.007443214489	0.007443214489	0.007443214489	0.007443214489	0.007443214489	0.007443214489	0.007443214489	0.007443214489	0.007443214489	0.007443214489	0.007443214489	0.007443214489	0.007443214489	0.007443214489	0.007443214489	0.005673019625	0.004249017751	0.004249017751	0.004249017751	0.004249017751	0.004249017751	0.004249017751	0.001265230483	0.0
S34	0.011473518453	0.011473518453	0.011512516703	0.011512516703	0.011512516703	0.011512516703	0.011512516703	0.011512516703	0.011512516703	0.011512516703	0.011512516703	0.011512516703	0.011512516703	0.011512516703	0.011512516703	0.011512516703	0.011512516703	0.011512516703	0.011512516703	0.011512516703	0.011512516703	0.011512516703	0.011512516703	0.011512516703	0.011512516703	0.011512516703	0.011512516703	0.011512516703	0.011512516703	0.011512516703	0.011512516703	0.011512516703	0.01154122276537	0.01154122276537	0.01154122276537	0.011608944982690002	0.011608944982690002	0.011608944982690002	0.011656797140410001	0.011636293768130001	0.007443214489	0.007443214489	0.007443214489	0.007443214489	0.007443214489	0.007443214489	0.007443214489	0.007443214489	0.007443214489	0.007443214489	0.007443214489	0.007443214489	0.007443214489	0.007443214489	0.007443214489	0.007443214489	0.007443214489	0.007443214489	0.007443214489	0.007443214489	0.007443214489	0.005673019625	0.004249017751	0.004249017751	0.004249017751	0.004249017751	0.004249017751	0.004249017751	0.001265230483	0.0
S8	0.011473518453	0.011473518453	0.011512516703	0.011512516703	0.011512516703	0.011512516703	0.011512516703	0.011512516703	0.011512516703	0.011512516703	0.011512516703	0.011512516703	0.011512516703	0.011512516703	0.011512516703	0.011512516703	0.011512516703	0.011512516703	0.011512516703	0.011512516703	0.011512516703	0.011512516703	0.011512516703	0.011512516703	0.011512516703	0.011512516703	0.011512516703	0.011512516703	0.011512516703	0.011512516703	0.011512516703	0.011512516703	0.01154122276537	0.01154122276537	0.01154122276537	0.011608944982690002	0.011608944982690002	0.011608944982690002	0.011636293768130001	0.011655084933680001	0.007443214489	0.007443214489	0.007443214489	0.007443214489	0.007443214489	0.007443214489	0.007443214489	0.007443214489	0.007443214489	0.007443214489	0.007443214489	0.007443214489	0.007443214489	0.007443214489	0.007443214489	0.007443214489	0.007443214489	0.007443214489	0.007443214489	0.007443214489	0.007443214489	0.005673019625	0.004249017751	0.004249017751	0.004249017751	0.004249017751	0.004249017751	0.004249017751	0.001265230483	0.0
S11	0.007443214489	0.007443214489	0.007443214489	0.007443214489	0.007443214489	0.007443214489	0.007443214489	0.007443214489	0.007443214489	0.007443214489	0.007443214489	0.007443214489	0.007443214489	0.007443214489	0.007443214489	0.007443214489	0.007443214489	0.007443214489	0.007443214489	0.007443214489	0.007443214489	0.007443214489	0.007443214489	0.007443214489	0.007443214489	0.007443214489	0.007443214489	0.007443214489	0.007443214489	0.007443214489	0.007443214489	0.007443214489	0.007443214489	0.007443214489	0.007443214489	0.007443214489	0.007443214489	0.007443214489	0.007443214489	0.007443214489	0.011696743605700001	0.0109860909165	0.0109860909165	0.0109860909165	0.0109860909165	0.0109860909165	0.0109860909165	0.0109860909165	0.0109860909165	0.0109860909165	0.0109860909165	0.0109860909165	0.0109860909165	0.0109860909165	0.0109860909165	0.0082666540035	0.0082666540035	0.0082666540035	0.0082666540035	0.0082666540035	0.0082666540035	0.005673019625	0.004249017751	0.004249017751	0.004249017751	0.004249017751	0.004249017751	0.004249017751	0.001265230483	0.0
S39	0.007443214489	0.007443214489	0.007443214489	0.007443214489	0.007443214489	0.007443214489	0.007443214489	0.007443214489	0.007443214489	0.007443214489	0.007443214489	0.007443214489	0.007443214489	0.007443214489	0.007443214489	0.007443214489	0.007443214489	0.007443214489	0.007443214489	0.007443214489	0.007443214489	0.007443214489	0.007443214489	0.007443214489	0.007443214489	0.007443214489	0.007443214489	0.007443214489	0.007443214489	0.007443214489	0.007443214489	0.007443214489	0.007443214489	0.007443214489	0.007443214489	0.007443214489	0.007443214489	0.007443214489	0.007443214489	0.007443214489	0.0109860909165	0.0129034311814	0.0127536518645	0.0127536518645	0.0127536518645	0.0127536518645	0.0127536518645	0.0127536518645	0.0127536518645	0.0127536518645	0.0127536518645	0.0127536518645	0.0127536518645	0.0127536518645	0.0127536518645	0.0082666540035	0.0082666540035	0.0082666540035	0.0082666540035	0.0082666540035	0.0082666540035	0.005673019625	0.004249017751	0.004249017751	0.004249017751	0.004249017751	0.004249017751	0.004249017751	0.001265230483	0.0
S30	0.007443214489	0.007443214489	0.007443214489	0.007443214489	0.007443214489	0.007443214489	0.007443214489	0.007443214489	0.007443214489	0.007443214489	0.007443214489	0.007443214489	0.007443214489	0.007443214489	0.007443214489	0.007443214489	0.007443214489	0.007443214489	0.007443214489	0.007443214489	0.007443214489	0.007443214489	0.007443214489	0.007443214489	0.007443214489	0.007443214489	0.007443214489	0.007443214489	0.007443214489	0.007443214489	0.007443214489	0.007443214489	0.007443214489	0.007443214489	0.007443214489	0.007443214489	0.007443214489	0.007443214489	0.007443214489	0.007443214489	0.0109860909165	0.0127536518645	0.01285307606549	0.012807536790190002	0.012807536790190002	0.012807536790190002	0.012807536790190002	0.012807536790190002	0.012807536790190002	0.012807536790190002	0.012807536790190002	0.012807536790190002	0.012807536790190002	0.012807536790190002	0.012807536790190002	0.0082666540035	0.0082666540035	0.0082666540035	0.0082666540035	0.0082666540035	0.0082666540035	0.005673019625	0.004249017751	0.004249017751	0.004249017751	0.004249017751	0.004249017751	0.004249017751	0.001265230483	0.0
S77	0.007443214489	0.007443214489	0.007443214489	0.007443214489	0.007443214489	0.007443214489	0.007443214489	0.007443214489	0.007443214489	0.007443214489	0.007443214489	0.007443214489	0.007443214489	0.007443214489	0.007443214489	0.007443214489	0.007443214489	0.007443214489	0.007443214489	0.007443214489	0.007443214489	0.007443214489	0.007443214489	0.007443214489	0.007443214489	0.007443214489	0.007443214489	0.007443214489	0.007443214489	0.007443214489	0.007443214489	0.007443214489	0.007443214489	0.007443214489	0.007443214489	0.007443214489	0.007443214489	0.007443214489	0.007443214489	0.007443214489	0.0109860909165	0.0127536518645	0.012807536790190002	0.012886871735711	0.012852604755091	0.012852604755091	0.01284922274501	0.01284922274501	0.01284922274501	0.01284922274501	0.01284822274451	0.01284822274451	0.01284822274451	0.01284822274451	0.01284822274451	0.0082666540035	0.0082666540035	0.0082666540035	0.0082666540035	0.0082666540035	0.0082666540035	0.005673019625	0.004249017751	0.004249017751	0.004249017751	0.004249017751	0.004249017751	0.004249017751	0.001265230483	0.0
S93	0.007443214489	0.007443214489	0.007443214489	0.007443214489	0.007443214489	0.007443214489	0.007443214489	0.007443214489	0.007443214489	0.007443214489	0.007443214489	0.007443214489	0.007443214489	0.007443214489	0.007443214489	0.007443214489	0.007443214489	0.007443214489	0.007443214489	0.007443214489	0.007443214489	0.007443214489	0.007443214489	0.007443214489	0.007443214489	0.007443214489	0.007443214489	0.007443214489	0.007443214489	0.007443214489	0.007443214489	0.007443214489	0.007443214489	0.007443214489	0.007443214489	0.007443214489	0.007443214489	0.007443214489	0.007443214489	0.007443214489	0.0109860909165	0.0127536518645	0.012807536790190002	0.012852604755091	0.012891587494793001	0.012889871727891	0.01284922274501	0.01284922274501	0.01284922274501	0.01284922274501	0.01284822274451	0.01284822274451	0.01284822274451	0.01284822274451	0.01284822274451	0.0082666540035	0.0082666540035	0.0082666540035	0.0082666540035	0.0082666540035	0.0082666540035	0.005673019625	0.004249017751	0.004249017751	0.004249017751	0.004249017751	0.004249017751	0.004249017751	0.001265230483	0.0
S92	0.007443214489	0.007443214489	0.007443214489	0.007443214489	0.007443214489	0.007443214489	0.007443214489	0.007443214489	0.007443214489	0.007443214489	0.007443214489	0.007443214489	0.007443214489	0.007443214489	0.007443214489	0.007443214489	0.007443214489	0.007443214489	0.007443214489	0.007443214489	0.007443214489	0.007443214489	0.007443214489	0.007443214489	0.007443214489	0.007443214489	0.007443214489	0.007443214489	0.007443214489	0.007443214489	0.007443214489	0.007443214489	0.007443214489	0.007443214489	0.007443214489	0.007443214489	0.007443214489	0.007443214489	0.007443214489	0.007443214489	0.0109860909165	0.0127536518645	0.012807536790190002	0.012852604755091	0.012889871727891	0.012893241490168001	0.01284922274501	0.01284922274501	0.01284922274501	0.01284922274501	0.01284822274451	0.01284822274451	0.01284822274451	0.01284822274451	0.01284822274451	0.0082666540035	0.0082666540035	0.0082666540035	0.0082666540035	0.0082666540035	0.0082666540035	0.005673019625	0.004249017751	0.004249017751	0.004249017751	0.004249017751	0.004249017751	0.004249017751	0.001265230483	0.0
S20	0.007443214489	0.007443214489	0.007443214489	0.007443214489	0.007443214489	0.007443214489	0.007443214489	0.007443214489	0.007443214489	0.007443214489	0.007443214489	0.007443214489	0.007443214489	0.007443214489	0.007443214489	0.007443214489	0.007443214489	0.007443214489	0.007443214489	0.007443214489	0.007443214489	0.007443214489	0.007443214489	0.007443214489	0.007443214489	0.007443214489	0.007443214489	0.007443214489	0.007443214489	0.007443214489	0.007443214489	0.007443214489	0.007443214489	0.007443214489	0.007443214489	0.007443214489	0.007443214489	0.007443214489	0.007443214489	0.007443214489	0.0109860909165	0.0127536518645	0.012807536790190002	0.01284922274501	0.01284922274501	0.01284922274501	0.012883454381573001	0.012856242918423001	0.012853771739023	0.012850744299107	0.01284822274451	0.01284822274451	0.01284822274451	0.01284822274451	0.01284822274451	0.0082666540035	0.0082666540035	0.0082666540035	0.0082666540035	0.0082666540035	0.0082666540035	0.005673019625	0.004249017751	0.004249017751	0.004249017751	0.004249017751	0.004249017751	0.004249017751	0.001265230483	0.0
S40	0.007443214489	0.007443214489	0.007443214489	0.007443214489	0.007443214489	0.007443214489	0.007443214489	0.007443214489	0.007443214489	0.007443214489	0.007443214489	0.007443214489	0.007443214489	0.007443214489	0.007443214489	0.007443214489	0.007443214489	0.007443214489	0.007443214489	0.007443214489	0.007443214489	0.007443214489	0.007443214489	0.007443214489	0.007443214489	0.007443214489	0.007443214489	0.007443214489	0.007443214489	0.007443214489	0.007443214489	0.007443214489	0.007443214489	0.007443214489	0.007443214489	0.007443214489	0.007443214489	0.007443214489	0.007443214489	0.007443214489	0.0109860909165	0.0127536518645	0.012807536790190002	0.01284922274501	0.01284922274501	0.01284922274501	0.012856242918423001	0.012877282766033001	0.012853771739023	0.012850744299107	0.01284822274451	0.01284822274451	0.01284822274451	0.01284822274451	0.01284822274451	0.0082666540035	0.0082666540035	0.0082666540035	0.0082666540035	0.0082666540035	0.0082666540035	0.005673019625	0.004249017751	0.004249017751	0.004249017751	0.004249017751	0.004249017751	0.004249017751	0.001265230483	0.0
S21	0.007443214489	0.007443214489	0.007443214489	0.007443214489	0.007443214489	0.007443214489	0.007443214489	0.007443214489	0.007443214489	0.007443214489	0.007443214489	0.007443214489	0.007443214489	0.007443214489	0.007443214489	0.007443214489	0.007443214489	0.007443214489	0.007443214489	0.007443214489	0.007443214489	0.007443214489	0.007443214489	0.007443214489	0.007443214489	0.007443214489	0.007443214489	0.007443214489	0.007443214489	0.007443214489	0.007443214489	0.007443214489	0.007443214489	0.007443214489	0.007443214489	0.007443214489	0.007443214489	0.007443214489	0.007443214489	0.007443214489	0.0109860909165	0.0127536518645	0.012807536790190002	0.01284922274501	0.01284922274501	0.01284922274501	0.012853771739023	0.012853771739023	0.012870716303913001	0.012850744299107	0.01284822274451	0.01284822274451	0.01284822274451	0.01284822274451	0.01284822274451	0.0082666540035	0.0082666540035	0.0082666540035	0.0082666540035	0.0082666540035	0.0082666540035	0.005673019625	0.004249017751	0.004249017751	0.004249017751	0.004249017751	0.004249017751	0.004249017751	0.001265230483	0.0
S7	0.007443214489	0.007443214489	0.007443214489	0.007443214489	0.007443214489	0.007443214489	0.007443214489	0.007443214489	0.007443214489	0.007443214489	0.007443214489	0.007443214489	0.007443214489	0.007443214489	0.007443214489	0.007443214489	0.007443214489	0.007443214489	0.007443214489	0.007443214489	0.007443214489	0.007443214489	0.007443214489	0.007443214489	0.007443214489	0.007443214489	0.007443214489	0.007443214489	0.007443214489	0.007443214489	0.007443214489	0.007443214489	0.007443214489	0.007443214489	0.007443214489	0.007443214489	0.007443214489	0.007443214489	0.007443214489	0.007443214489	0.0109860909165	0.0127536518645	0.012807536790190002	0.01284922274501	0.01284922274501	0.01284922274501	0.012850744299107	0.012850744299107	0.012850744299107	0.012873884005267	0.01284822274451	0.01284822274451	0.01284822274451	0.01284822274451	0.01284822274451	0.0082666540035	0.0082666540035	0.0082666540035	0.0082666540035	0.0082666540035	0.0082666540035	0.005673019625	0.004249017751	0.004249017751	0.004249017751	0.004249017751	0.004249017751	0.004249017751	0.001265230483	0.0
S97	0.007443214489	0.007443214489	0.007443214489	0.007443214489	0.007443214489	0.007443214489	0.007443214489	0.007443214489	0.007443214489	0.007443214489	0.007443214489	0.007443214489	0.007443214489	0.007443214489	0.007443214489	0.007443214489	0.007443214489	0.007443214489	0.007443214489	0.007443214489	0.007443214489	0.007443214489	0.007443214489	0.007443214489	0.007443214489	0.007443214489	0.007443214489	0.007443214489	0.007443214489	0.007443214489	0.007443214489	0.007443214489	0.007443214489	0.007443214489	0.007443214489	0.007443214489	0.007443214489	0.007443214489	0.007443214489	0.007443214489	0.0109860909165	0.0127536518645	0.012807536790190002	0.01284822274451	0.01284822274451	0.01284822274451	0.01284822274451	0.01284822274451	0.01284822274451	0.01284822274451	0.012885602488719	0.012881564212493	0.012855066816233001	0.012853307833095	0.012853307833095	0.0082666540035	0.0082666540035	0.0082666540035	0.0082666540035	0.0082666540035	0.0082666540035	0.005673019625	0.004249017751	0.004249017751	0.004249017751	0.004249017751	0.004249017751	0.004249017751	0.001265230483	0.0
S89	0.007443214489	0.007443214489	0.007443214489	0.007443214489	0.007443214489	0.007443214489	0.007443214489	0.007443214489	0.007443214489	0.007443214489	0.007443214489	0.007443214489	0.007443214489	0.007443214489	0.007443214489	0.007443214489	0.007443214489	0.007443214489	0.007443214489	0.007443214489	0.007443214489	0.007443214489	0.007443214489	0.007443214489	0.007443214489	0.007443214489	0.007443214489	0.007443214489	0.007443214489	0.007443214489	0.007443214489	0.007443214489	0.007443214489	0.007443214489	0.007443214489	0.007443214489	0.007443214489	0.007443214489	0.007443214489	0.007443214489	0.0109860909165	0.0127536518645	0.012807536790190002	0.01284822274451	0.01284822274451	0.01284822274451	0.01284822274451	0.01284822274451	0.01284822274451	0.01284822274451	0.012881564212493	0.012883298656014001	0.012855066816233001	0.012853307833095	0.012853307833095	0.0082666540035	0.0082666540035	0.0082666540035	0.0082666540035	0.0082666540035	0.0082666540035	0.005673019625	0.004249017751	0.004249017751	0.004249017751	0.004249017751	0.004249017751	0.004249017751	0.001265230483	0.0
S46	0.007443214489	0.007443214489	0.007443214489	0.007443214489	0.007443214489	0.007443214489	0.007443214489	0.007443214489	0.007443214489	0.007443214489	0.007443214489	0.007443214489	0.007443214489	0.007443214489	0.007443214489	0.007443214489	0.007443214489	0.007443214489	0.007443214489	0.007443214489	0.007443214489	0.007443214489	0.007443214489	0.007443214489	0.007443214489	0.007443214489	0.007443214489	0.007443214489	0.007443214489	0.007443214489	0.007443214489	0.007443214489	0.007443214489	0.007443214489	0.007443214489	0.007443214489	0.007443214489	0.007443214489	0.007443214489	0.007443214489	0.0109860909165	0.0127536518645	0.012807536790190002	0.01284822274451	0.01284822274451	0.01284822274451	0.01284822274451	0.01284822274451	0.01284822274451	0.01284822274451	0.012855066816233001	0.012855066816233001	0.012878174766363	0.012853307833095	0.012853307833095	0.0082666540035	0.0082666540035	0.0082666540035	0.0082666540035	0.0082666540035	0.0082666540035	0.005673019625	0.004249017751	0.004249017751	0.004249017751	0.004249017751	0.004249017751	0.004249017751	0.001265230483	0.0
S51	0.007443214489	0.007443214489	0.007443214489	0.007443214489	0.007443214489	0.007443214489	0.007443214489	0.007443214489	0.007443214489	0.007443214489	0.007443214489	0.007443214489	0.007443214489	0.007443214489	0.007443214489	0.007443214489	0.007443214489	0.007443214489	0.007443214489	0.007443214489	0.007443214489	0.007443214489	0.007443214489	0.007443214489	0.007443214489	0.007443214489	0.007443214489	0.007443214489	0.007443214489	0.007443214489	0.007443214489	0.007443214489	0.007443214489	0.007443214489	0.007443214489	0.007443214489	0.007443214489	0.007443214489	0.007443214489	0.007443214489	0.0109860909165	0.0127536518645	0.012807536790190002	0.01284822274451	0.01284822274451	0.01284822274451	0.01284822274451	0.01284822274451	0.01284822274451	0.01284822274451	0.012853307833095	0.012853307833095	0.012853307833095	0.012879793730155001	0.012854307833595001	0.0082666540035	0.0082666540035	0.0082666540035	0.0082666540035	0.0082666540035	0.0082666540035	0.005673019625	0.004249017751	0.004249017751	0.004249017751	0.004249017751	0.004249017751	0.004249017751	0.001265230483	0.0
S54	0.007443214489	0.007443214489	0.007443214489	0.007443214489	0.007443214489	0.007443214489	0.007443214489	0.007443214489	0.007443214489	0.007443214489	0.007443214489	0.007443214489	0.007443214489	0.007443214489	0.007443214489	0.007443214489	0.007443214489	0.007443214489	0.007443214489	0.007443214489	0.007443214489	0.007443214489	0.007443214489	0.007443214489	0.007443214489	0.007443214489	0.007443214489	0.007443214489	0.007443214489	0.007443214489	0.007443214489	0.007443214489	0.007443214489	0.007443214489	0.007443214489	0.007443214489	0.007443214489	0.007443214489	0.007443214489	0.007443214489	0.0109860909165	0.0127536518645	0.012807536790190002	0.01284822274451	0.01284822274451	0.01284822274451	0.01284822274451	0.01284822274451	0.01284822274451	0.01284822274451	0.012853307833095	0.012853307833095	0.012853307833095	0.012854307833595001	0.012889869440995001	0.0082666540035	0.0082666540035	0.0082666540035	0.0082666540035	0.0082666540035	0.0082666540035	0.005673019625	0.004249017751	0.004249017751	0.004249017751	0.004249017751	0.004249017751	0.004249017751	0.001265230483	0.0
S95	0.007443214489	0.007443214489	0.007443214489	0.007443214489	0.007443214489	0.007443214489	0.007443214489	0.007443214489	0.007443214489	0.007443214489	0.007443214489	0.007443214489	0.007443214489	0.007443214489	0.007443214489	0.007443214489	0.007443214489	0.007443214489	0.007443214489	0.007443214489	0.007443214489	0.007443214489	0.007443214489	0.007443214489	0.007443214489	0.007443214489	0.007443214489	0.007443214489	0.007443214489	0.007443214489	0.007443214489	0.007443214489	0.007443214489	0.007443214489	0.007443214489	0.007443214489	0.007443214489	0.007443214489	0.007443214489	0.007443214489	0.0082666540035	0.0082666540035	0.0082666540035	0.0082666540035	0.0082666540035	0.0082666540035	0.0082666540035	0.0082666540035	0.0082666540035	0.0082666540035	0.0082666540035	0.0082666540035	0.0082666540035	0.0082666540035	0.0082666540035	0.0094700683029	0.009064768628500001	0.009064768628500001	0.009064768628500001	0.009064768628500001	0.009064768628500001	0.005673019625	0.004249017751	0.004249017751	0.004249017751	0.004249017751	0.004249017751	0.004249017751	0.001265230483	0.0
S69	0.007443214489	0.007443214489	0.007443214489	0.007443214489	0.007443214489	0.007443214489	0.007443214489	0.007443214489	0.007443214489	0.007443214489	0.007443214489	0.007443214489	0.007443214489	0.007443214489	0.007443214489	0.007443214489	0.007443214489	0.007443214489	0.007443214489	0.007443214489	0.007443214489	0.007443214489	0.007443214489	0.007443214489	0.007443214489	0.007443214489	0.007443214489	0.007443214489	0.007443214489	0.007443214489	0.007443214489	0.007443214489	0.007443214489	0.007443214489	0.007443214489	0.007443214489	0.007443214489	0.007443214489	0.007443214489	0.007443214489	0.0082666540035	0.0082666540035	0.0082666540035	0.0082666540035	0.0082666540035	0.0082666540035	0.0082666540035	0.0082666540035	0.0082666540035	0.0082666540035	0.0082666540035	0.0082666540035	0.0082666540035	0.0082666540035	0.0082666540035	0.009064768628500001	0.0105123779062	0.0103021144695	0.0103021144695	0.0103021144695	0.0103021144695	0.005673019625	0.004249017751	0.004249017751	0.004249017751	0.004249017751	0.004249017751	0.004249017751	0.001265230483	0.0
S5	0.007443214489	0.007443214489	0.007443214489	0.007443214489	0.007443214489	0.007443214489	0.007443214489	0.007443214489	0.007443214489	0.007443214489	0.007443214489	0.007443214489	0.007443214489	0.007443214489	0.007443214489	0.007443214489	0.007443214489	0.007443214489	0.007443214489	0.007443214489	0.007443214489	0.007443214489	0.007443214489	0.007443214489	0.007443214489	0.007443214489	0.007443214489	0.007443214489	0.007443214489	0.007443214489	0.007443214489	0.007443214489	0.007443214489	0.007443214489	0.007443214489	0.007443214489	0.007443214489	0.007443214489	0.007443214489	0.007443214489	0.0082666540035	0.0082666540035	0.0082666540035	0.0082666540035	0.0082666540035	0.0082666540035	0.0082666540035	0.0082666540035	0.0082666540035	0.0082666540035	0.0082666540035	0.0082666540035	0.0082666540035	0.0082666540035	0.0082666540035	0.009064768628500001	0.0103021144695	0.01062640211051	0.01033158092391	0.01033158092391	0.01033158092391	0.005673019625	0.004249017751	0.004249017751	0.004249017751	0.004249017751	0.004249017751	0.004249017751	0.001265230483	0.0
S47	0.007443214489	0.007443214489	0.007443214489	0.007443214489	0.007443214489	0.007443214489	0.007443214489	0.007443214489	0.007443214489	0.007443214489	0.007443214489	0.007443214489	0.007443214489	0.007443214489	0.007443214489	0.007443214489	0.007443214489	0.007443214489	0.007443214489	0.007443214489	0.007443214489	0.007443214489	0.007443214489	0.007443214489	0.007443214489	0.007443214489	0.007443214489	0.007443214489	0.007443214489	0.007443214489	0.007443214489	0.007443214489	0.007443214489	0.007443214489	0.007443214489	0.007443214489	0.007443214489	0.007443214489	0.007443214489	0.007443214489	0.0082666540035	0.0082666540035	0.0082666540035	0.0082666540035	0.0082666540035	0.0082666540035	0.0082666540035	0.0082666540035	0.0082666540035	0.0082666540035	0.0082666540035	0.0082666540035	0.0082666540035	0.0082666540035	0.0082666540035	0.009064768628500001	0.0103021144695	0.01033158092391	0.012269297863080002	0.011540831848480001	0.01147768037791	0.005673019625	0.004249017751	0.004249017751	0.004249017751	0.004249017751	0.004249017751	0.004249017751	0.001265230483	0.0
S88	0.007443214489	0.007443214489	0.007443214489	0.007443214489	0.007443214489	0.007443214489	0.007443214489	0.007443214489	0.007443214489	0.007443214489	0.007443214489	0.007443214489	0.007443214489	0.007443214489	0.007443214489	0.007443214489	0.007443214489	0.007443214489	0.007443214489	0.007443214489	0.007443214489	0.007443214489	0.007443214489	0.007443214489	0.007443214489	0.007443214489	0.007443214489	0.007443214489	0.007443214489	0.007443214489	0.007443214489	0.007443214489	0.007443214489	0.007443214489	0.007443214489	0.007443214489	0.007443214489	0.007443214489	0.007443214489	0.007443214489	0.0082666540035	0.0082666540035	0.0082666540035	0.0082666540035	0.0082666540035	0.0082666540035	0.0082666540035	0.0082666540035	0.0082666540035	0.0082666540035	0.0082666540035	0.0082666540035	0.0082666540035	0.0082666540035	0.0082666540035	0.009064768628500001	0.0103021144695	0.01033158092391	0.011540831848480001	0.01164410380208	0.01147768037791	0.005673019625	0.004249017751	0.004249017751	0.004249017751	0.004249017751	0.004249017751	0.004249017751	0.001265230483	0.0
S36	0.007443214489	0.007443214489	0.007443214489	0.007443214489	0.007443214489	0.007443214489	0.007443214489	0.007443214489	0.007443214489	0.007443214489	0.007443214489	0.007443214489	0.007443214489	0.007443214489	0.007443214489	0.007443214489	0.007443214489	0.007443214489	0.007443214489	0.007443214489	0.007443214489	0.007443214489	0.007443214489	0.007443214489	0.007443214489	0.007443214489	0.007443214489	0.007443214489	0.007443214489	0.007443214489	0.007443214489	0.007443214489	0.007443214489	0.007443214489	0.007443214489	0.007443214489	0.007443214489	0.007443214489	0.007443214489	0.007443214489	0.0082666540035	0.0082666540035	0.0082666540035	0.0082666540035	0.0082666540035	0.0082666540035	0.0082666540035	0.0082666540035	0.0082666540035	0.0082666540035	0.0082666540035	0.0082666540035	0.0082666540035	0.0082666540035	0.0082666540035	0.009064768628500001	0.0103021144695	0.01033158092391	0.01147768037791	0.01147768037791	0.012181169057110001	0.005673019625	0.004249017751	0.004249017751	0.004249017751	0.004249017751	0.004249017751	0.004249017751	0.001265230483	0.0
S28	0.005673019625	0.005673019625	0.005673019625	0.005673019625	0.005673019625	0.005673019625	0.005673019625	0.005673019625	0.005673019625	0.005673019625	0.005673019625	0.005673019625	0.005673019625	0.005673019625	0.005673019625	0.005673019625	0.005673019625	0.005673019625	0.005673019625	0.005673019625	0.005673019625	0.005673019625	0.005673019625	0.005673019625	0.005673019625	0.005673019625	0.005673019625	0.005673019625	0.005673019625	0.005673019625	0.005673019625	0.005673019625	0.005673019625	0.005673019625	0.005673019625	0.005673019625	0.005673019625	0.005673019625	0.005673019625	0.005673019625	0.005673019625	0.005673019625	0.005673019625	0.005673019625	0.005673019625	0.005673019625	0.005673019625	0.005673019625	0.005673019625	0.005673019625	0.005673019625	0.005673019625	0.005673019625	0.005673019625	0.005673019625	0.005673019625	0.005673019625	0.005673019625	0.005673019625	0.005673019625	0.005673019625	0.006223718691700001	0.004249017751	0.004249017751	0.004249017751	0.004249017751	0.004249017751	0.004249017751	0.001265230483	0.0
S76	0.004249017751	0.004249017751	0.004249017751	0.004249017751	0.004249017751	0.004249017751	0.004249017751	0.004249017751	0.004249017751	0.004249017751	0.004249017751	0.004249017751	0.004249017751	0.004249017751	0.004249017751	0.004249017751	0.004249017751	0.004249017751	0.004249017751	0.004249017751	0.004249017751	0.004249017751	0.004249017751	0.004249017751	0.004249017751	0.004249017751	0.004249017751	0.004249017751	0.004249017751	0.004249017751	0.004249017751	0.004249017751	0.004249017751	0.004249017751	0.004249017751	0.004249017751	0.004249017751	0.004249017751	0.004249017751	0.004249017751	0.004249017751	0.004249017751	0.004249017751	0.004249017751	0.004249017751	0.004249017751	0.004249017751	0.004249017751	0.004249017751	0.004249017751	0.004249017751	0.004249017751	0.004249017751	0.004249017751	0.004249017751	0.004249017751	0.004249017751	0.004249017751	0.004249017751	0.004249017751	0.004249017751	0.004249017751	0.0052920401925	0.0050685871837	0.0050685871837	0.0050685871837	0.0050685871837	0.0050685871837	0.001265230483	0.0
S72	0.004249017751	0.004249017751	0.004249017751	0.004249017751	0.004249017751	0.004249017751	0.004249017751	0.004249017751	0.004249017751	0.004249017751	0.004249017751	0.004249017751	0.004249017751	0.004249017751	0.004249017751	0.004249017751	0.004249017751	0.004249017751	0.004249017751	0.004249017751	0.004249017751	0.004249017751	0.004249017751	0.004249017751	0.004249017751	0.004249017751	0.004249017751	0.004249017751	0.004249017751	0.004249017751	0.004249017751	0.004249017751	0.004249017751	0.004249017751	0.004249017751	0.004249017751	0.004249017751	0.004249017751	0.004249017751	0.004249017751	0.004249017751	0.004249017751	0.004249017751	0.004249017751	0.004249017751	0.004249017751	0.004249017751	0.004249017751	0.004249017751	0.004249017751	0.004249017751	0.004249017751	0.004249017751	0.004249017751	0.004249017751	0.004249017751	0.004249017751	0.004249017751	0.004249017751	0.004249017751	0.004249017751	0.004249017751	0.0050685871837	0.005176305141166	0.005139290514296	0.00513479229877	0.00513479229877	0.00513479229877	0.001265230483	0.0
S4	0.004249017751	0.004249017751	0.004249017751	0.004249017751	0.004249017751	0.004249017751	0.004249017751	0.004249017751	0.004249017751	0.004249017751	0.004249017751	0.004249017751	0.004249017751	0.004249017751	0.004249017751	0.004249017751	0.004249017751	0.004249017751	0.004249017751	0.004249017751	0.004249017751	0.004249017751	0.004249017751	0.004249017751	0.004249017751	0.004249017751	0.004249017751	0.004249017751	0.004249017751	0.004249017751	0.004249017751	0.004249017751	0.004249017751	0.004249017751	0.004249017751	0.004249017751	0.004249017751	0.004249017751	0.004249017751	0.004249017751	0.004249017751	0.004249017751	0.004249017751	0.004249017751	0.004249017751	0.004249017751	0.004249017751	0.004249017751	0.004249017751	0.004249017751	0.004249017751	0.004249017751	0.004249017751	0.004249017751	0.004249017751	0.004249017751	0.004249017751	0.004249017751	0.004249017751	0.004249017751	0.004249017751	0.004249017751	0.0050685871837	0.005139290514296	0.005160329291736	0.00513479229877	0.00513479229877	0.00513479229877	0.001265230483	0.0
S98	0.004249017751	0.004249017751	0.004249017751	0.004249017751	0.004249017751	0.004249017751	0.004249017751	0.004249017751	0.004249017751	0.004249017751	0.004249017751	0.004249017751	0.004249017751	0.004249017751	0.004249017751	0.004249017751	0.004249017751	0.004249017751	0.004249017751	0.004249017751	0.004249017751	0.004249017751	0.004249017751	0.004249017751	0.004249017751	0.004249017751	0.004249017751	0.004249017751	0.004249017751	0.004249017751	0.004249017751	0.004249017751	0.004249017751	0.004249017751	0.004249017751	0.004249017751	0.004249017751	0.004249017751	0.004249017751	0.004249017751	0.004249017751	0.004249017751	0.004249017751	0.004249017751	0.004249017751	0.004249017751	0.004249017751	0.004249017751	0.004249017751	0.004249017751	0.004249017751	0.004249017751	0.004249017751	0.004249017751	0.004249017751	0.004249017751	0.004249017751	0.004249017751	0.004249017751	0.004249017751	0.004249017751	0.004249017751	0.0050685871837	0.00513479229877	0.00513479229877	0.005183466540185	0.005136254118095001	0.005136254118095001	0.001265230483	0.0
S64	0.004249017751	0.004249017751	0.004249017751	0.004249017751	0.004249017751	0.004249017751	0.004249017751	0.004249017751	0.004249017751	0.004249017751	0.004249017751	0.004249017751	0.004249017751	0.004249017751	0.004249017751	0.004249017751	0.004249017751	0.004249017751	0.004249017751	0.004249017751	0.004249017751	0.004249017751	0.004249017751	0.004249017751	0.004249017751	0.004249017751	0.004249017751	0.004249017751	0.004249017751	0.004249017751	0.004249017751	0.004249017751	0.004249017751	0.004249017751	0.004249017751	0.004249017751	0.004249017751	0.004249017751	0.004249017751	0.004249017751	0.004249017751	0.004249017751	0.004249017751	0.004249017751	0.004249017751	0.004249017751	0.004249017751	0.004249017751	0.004249017751	0.004249017751	0.004249017751	0.004249017751	0.004249017751	0.004249017751	0.004249017751	0.004249017751	0.004249017751	0.004249017751	0.004249017751	0.004249017751	0.004249017751	0.004249017751	0.0050685871837	0.00513479229877	0.00513479229877	0.005136254118095001	0.006051045356605	0.0052099433666050006	0.001265230483	0.0
S55	0.004249017751	0.004249017751	0.004249017751	0.004249017751	0.004249017751	0.004249017751	0.004249017751	0.004249017751	0.004249017751	0.004249017751	0.004249017751	0.004249017751	0.004249017751	0.004249017751	0.004249017751	0.004249017751	0.004249017751	0.004249017751	0.004249017751	0.004249017751	0.004249017751	0.004249017751	0.004249017751	0.004249017751	0.004249017751	0.004249017751	0.004249017751	0.004249017751	0.004249017751	0.004249017751	0.004249017751	0.004249017751	0.004249017751	0.004249017751	0.004249017751	0.004249017751	0.004249017751	0.004249017751	0.004249017751	0.004249017751	0.004249017751	0.004249017751	0.004249017751	0.004249017751	0.004249017751	0.004249017751	0.004249017751	0.004249017751	0.004249017751	0.004249017751	0.004249017751	0.004249017751	0.004249017751	0.004249017751	0.004249017751	0.004249017751	0.004249017751	0.004249017751	0.004249017751	0.004249017751	0.004249017751	0.004249017751	0.0050685871837	0.00513479229877	0.00513479229877	0.005136254118095001	0.0052099433666050006	0.005370069042405	0.001265230483	0.0
S45	0.001265230483	0.001265230483	0.001265230483	0.001265230483	0.001265230483	0.001265230483	0.001265230483	0.001265230483	0.001265230483	0.001265230483	0.001265230483	0.001265230483	0.001265230483	0.001265230483	0.001265230483	0.001265230483	0.001265230483	0.001265230483	0.001265230483	0.001265230483	0.001265230483	0.001265230483	0.001265230483	0.001265230483	0.001265230483	0.001265230483	0.001265230483	0.001265230483	0.001265230483	0.001265230483	0.001265230483	0.001265230483	0.001265230483	0.001265230483	0.001265230483	0.001265230483	0.001265230483	0.001265230483	0.001265230483	0.001265230483	0.001265230483	0.001265230483	0.001265230483	0.001265230483	0.001265230483	0.001265230483	0.001265230483	0.001265230483	0.001265230483	0.001265230483	0.001265230483	0.001265230483	0.001265230483	0.001265230483	0.001265230483	0.001265230483	0.001265230483	0.001265230483	0.001265230483	0.001265230483	0.001265230483	0.001265230483	0.001265230483	0.001265230483	0.001265230483	0.001265230483	0.001265230483	0.001265230483	0.002440114666	0.0
S15	0.0	0.0	0.0	0.0	0.0	0.0	0.0	0.0	0.0	0.0	0.0	0.0	0.0	0.0	0.0	0.0	0.0	0.0	0.0	0.0	0.0	0.0	0.0	0.0	0.0	0.0	0.0	0.0	0.0	0.0	0.0	0.0	0.0	0.0	0.0	0.0	0.0	0.0	0.0	0.0	0.0	0.0	0.0	0.0	0.0	0.0	0.0	0.0	0.0	0.0	0.0	0.0	0.0	0.0	0.0	0.0	0.0	0.0	0.0	0.0	0.0	0.0	0.0	0.0	0.0	0.0	0.0	0.0	0.0	2.760984236e-05
